Per_cell,SP1,SP2,SP3,SP4,E1,E2
1,16.98361357,6.164130317,10.21224498,15.76711877,5.169076845,10.87079302
2,24.42847177,10.41756161,15.04939214,22.41459212,9.866113268,17.38354358
3,31.19984036,14.5009732,20.30317405,28.54894345,13.65682775,22.43494746
4,36.77330634,17.64510021,25.42105774,34.1122939,16.72499554,27.06971659
5,42.45748915,20.61861979,29.91451488,38.70635233,19.56979383,30.45210628
6,46.45712847,23.57896096,33.66447626,42.74540262,22.15597409,33.79378527
7,50.21602994,26.20585191,37.09357813,46.20745053,24.48353633,37.15581962
8,53.01294061,28.3496283,40.51785396,49.31086685,26.55248054,39.81683206
9,55.87809424,30.64306905,43.30817541,52.02635613,28.62142475,42.47125529
10,58.23318876,32.78684544,46.41159173,54.35391836,30.69036896,44.78505139
11,60.43803119,34.91085421,49.127081,56.16424455,32.37138613,46.90847243
12,62.5069754,36.95885535,51.37981106,58.02245835,34.18171231,49.06601496
13,64.31071237,38.87095827,53.19013724,59.54663424,35.86272948,51.06012699
14,66.25034757,40.77647198,55.38839047,61.07798705,37.54374665,52.93151922
15,67.67274672,42.40301232,57.15800596,62.65663976,38.9661458,54.88492055
16,69.35376389,44.13850632,58.36249777,64.05209435,40.51785396,56.69524674
17,70.77616303,45.8195235,60.30213297,65.47449349,42.06956211,58.11764588
18,72.06925316,47.37123165,61.85384112,66.89689264,43.36265225,59.6555879
19,73.36234329,49.05224882,63.27624027,68.06067376,44.78505139,61.09834239
20,74.3968154,50.73326599,64.95725744,69.22445487,46.07814152,62.6296952
21,75.4312875,52.15566514,66.25034757,70.38823599,47.50054067,63.83418702
22,76.46575961,53.7073733,67.65898058,71.42929731,48.7936308,65.08656645
23,77.56847469,55.12977244,68.89100467,72.46376941,50.08672093,66.29105827
24,78.53470382,56.6814806,69.96618747,73.49165231,51.37981106,67.41412869
25,79.3105579,58.23318876,71.07549175,74.52612441,52.54359218,68.53719911
26,80.08641198,59.39696987,71.98065484,75.39716602,53.83668231,69.72133558
27,80.99157507,60.98279952,72.97441625,76.28856297,55.12977244,70.62649867
28,81.76742915,62.24176816,74.13819737,77.15301537,56.42286257,71.55201711
29,82.41397421,63.40554928,75.13195878,77.96299093,57.45733468,72.56613387
30,83.18982829,64.69863941,76.01676653,78.77955571,58.6211158,73.34198795
31,83.83637336,65.99172954,76.96264031,79.48057761,59.6555879,74.19267421
32,84.48291842,67.15551066,77.79297123,80.08641198,60.81936902,74.91405145
33,85.2587725,68.31929178,78.49399312,80.82814457,61.85384112,75.66955018
34,85.85084074,69.61238191,79.43986691,81.50881112,62.75900422,76.35680594
35,86.36807679,70.64685402,80.10676732,82.17571153,63.79347632,77.16678151
36,87.06909869,71.93994415,80.88921061,82.84261195,64.82794843,77.88815875
37,87.47738107,72.97441625,81.50163419,83.46880167,65.86242053,78.62330214
38,88.04191703,74.00888836,82.26430985,84.09499138,66.63827461,79.3105579
39,88.55915308,75.04336046,82.91085492,84.74153645,67.67274672,79.95710296
40,89.00873388,75.94852356,83.53704464,85.28630478,68.70721882,80.56293733
41,89.52596994,76.85368665,84.03392534,85.77600855,69.4830729,81.2094824
42,89.98872916,77.92228024,84.59187209,86.39560906,70.38823599,81.93085965
43,90.37665619,78.66401283,85.17017418,86.93978967,71.29339908,82.41397421
44,90.86635997,79.56917592,85.85742994,87.42290424,72.06925316,83.04016393
45,91.25428701,80.34503,86.24535698,87.7359991,72.84510724,83.61846603
46,91.6218587,81.2501931,86.7081162,88.12392614,73.62096132,84.12911287
47,91.95530891,81.88297202,87.32053978,88.58668536,74.3968154,84.61222744
48,92.3228806,82.67259224,87.783299,89.14463211,75.17266948,85.17017418
49,92.71080764,83.31913731,88.20534753,89.53255914,75.94852356,85.77600855
50,92.98978101,84.03392534,88.49808704,89.96837381,76.72437764,86.29324461
51,93.43218489,84.79601328,89.01532309,90.39701154,77.50023171,86.75600383
52,93.77940123,85.38149231,89.38289478,90.85318155,78.27608579,87.1984077
53,94.0517854,86.06874807,89.86600935,91.18663176,78.92263086,87.71564375
54,94.43971244,86.70152699,90.29464709,91.48596048,79.69848494,88.04909396
55,94.82763947,87.32771671,90.68257412,91.81941069,80.34503,88.45737635
56,94.95694849,87.86530811,91.07050116,92.17321624,80.99157507,88.9746124
57,95.21556651,88.40289951,91.34947454,92.46595575,81.76742915,89.38289478
58,95.47418454,89.14463211,91.84635524,92.70421843,82.41397421,89.80494331
59,95.69868108,89.69598964,92.17980545,93.03766864,83.06051928,90.19287035
60,95.88246693,90.30182401,92.52702179,93.29628666,83.70706434,90.58079739
61,96.1614403,90.68975105,93.01013636,93.6842137,84.35360941,90.98249057
62,96.34522615,91.33629612,93.45254023,94.0517854,84.87084546,91.4111283
63,96.52901199,91.85353217,93.78599044,94.36488025,85.64669954,91.72422316
64,96.73315319,92.37076822,94.06496381,94.67797511,86.16393559,92.24145921
65,97.0258927,92.8131721,94.32358184,95.01142532,86.68117165,92.57490942
66,97.26415538,93.1466223,94.50736769,95.32452018,87.1984077,92.88800428
67,97.46829657,93.53454934,94.71150888,95.73280257,87.71564375,93.22145448
68,97.61796093,94.01766391,94.97012691,95.99142059,88.2328798,93.53454934
69,97.82210212,94.35111412,95.3376986,96.19556179,88.75011586,93.86799955
70,97.95141114,94.73904116,95.59631662,96.50865665,89.26735191,94.18109441
71,98.1010755,95.07249136,95.72562564,96.8624622,89.78458796,94.51454462
72,98.30521669,95.49453989,95.98424366,97.15520171,90.30182401,94.75280729
73,98.41417036,95.82799009,96.26321704,97.39346439,90.81906007,95.0862575
74,98.54347937,96.25003862,96.52183506,97.63172707,91.33629612,95.34487553
75,98.65243304,96.4883013,96.85528527,97.83586826,91.72422316,95.60349355
76,98.72726522,96.76727467,97.1139033,98.09448629,92.1121502,95.86211158
77,98.78174205,96.89658368,97.29768914,98.29862748,92.62938625,96.12072961
78,98.83621888,97.25038924,97.55630717,98.50276868,93.01731329,96.39970298
79,98.96552789,97.48865192,97.75385915,98.70690987,93.40524033,96.63796566
80,99.09483691,97.80174678,98.01247718,98.96552789,93.79316737,96.89658368
81,99.09483691,98.04000946,98.21661837,99.09483691,94.18109441,97.15520171
82,99.22414592,98.31898283,98.42075957,99.22414592,94.69833046,97.3593429
83,99.35345493,98.44829184,98.55006858,99.27862275,94.95694849,97.54312875
84,99.37381028,98.63207769,98.69973294,99.40793177,95.34487553,97.7269146
85,99.48276395,98.78174205,98.80868661,99.48276395,95.65795978,97.93105579
86,99.59171761,98.93140641,98.99247245,99.53724078,96.04588682,98.18967382
87,99.66654979,98.98588324,99.1762583,99.66654979,96.30450485,98.37345966
88,99.79585881,99.06071542,99.25109048,99.72102663,96.67205534,98.57760086
89,99.88288347,99.1355476,99.38039949,99.73321911,97.01922927,98.72726522
90,99.95771565,99.21037978,99.5097085,99.73321911,97.35269008,98.91105106
91,99.97188,99.3396888,99.63901752,99.67255128,97.61130811,99.04036008
92,100.0263568,99.41452098,99.63901752,99.8018603,97.79508335,99.19002444
93,100.101189,99.46899781,99.76832653,99.8018603,98.10816761,99.31933345
94,100.1556658,99.59830682,99.76832653,99.83598178,98.40087532,99.44864246
95,100.1556658,99.74797118,99.74797118,99.83598178,98.71395957,99.52347464
96,100.1353105,99.82280336,99.82280336,99.89045861,98.89773482,99.52347464
97,100.169432,99.89763554,99.89763554,99.94493545,99.08151006,99.52347464
98,100.2239088,99.95211238,99.97246772,99.99941228,99.28566186,99.57795147
99,100.2239088,99.97,99.97246772,99.99941228,99.44008715,99.57795147
100,100.1766089,99.99,100.0325478,100.0325478,99.60348584,99.65278366
