FSC,RSG_ab
2.044385722,174.4959566
2.388810146,196.6979466
2.476201444,83.04160352
2.536231336,477.2070129
4.40002731,114.7452626
4.506696001,793.9045023
4.727853895,55.93041149
5.080105389,203.8938675
5.203261032,37.67040612
5.458601585,60.09753921
5.865297859,62.29612411
6.302295275,950.1451422
6.302295275,40.47706155
6.455080142,1266.556745
6.455080142,554.2744888
6.771851437,373.3164935
8.008066361,347.4309493
8.008066361,290.2998527
7.912727644,152.9570376
8.401047625,2171.149427
8.502270002,39.04852554
9.026972546,554.2744888
9.026972546,62.29612411
11.33364466,69.38634951
12.32479525,40.47706155
13.24306126,106.7888941
13.72754024,40.47706155
15.28993848,40.47706155
16.62707511,40.47706155
17.23535354,663.3558715
17.23535354,201.4664426
18.51948354,373.3164935
18.51948354,323.3402933
18.96844645,738.8556351
18.96844645,534.7127658
20.38170154,480.0732862
20.38170154,401.1306551
20.13905055,164.3531903
21.12733775,137.327164
21.90025203,793.9045023
21.90025203,114.7452626
22.97496699,477.2070129
22.7014423,170.3658233
22.7014423,137.327164
22.7014423,40.47706155
23.531943,433.6059676
23.531943,92.492973
23.531943,57.97654782
24.68673022,624.7975939
24.68673022,554.2744888
25.28520405,687.6238236
25.28520405,403.5399871
25.28520405,219.0850982
25.28520405,158.5527582
25.28520405,80.11085913
25.58985992,621.0672453
26.52602936,984.904881
26.52602936,249.9359584
26.21022808,43.49282848
27.16909283,302.7275011
27.16909283,157.6061203
27.16909283,142.3510874
27.16909283,114.7452626
27.16909283,66.93753294
28.50236655,408.4021517
28.50236655,216.4768166
28.61638276,45.08395313
29.19334183,712.7795851
29.19334183,262.2011101
29.19334183,242.5633199
29.19334183,168.337561
29.19334183,158.5527582
28.8457853,132.4805474
29.19334183,37.67040612
29.54508599,418.3029364
29.54508599,45.08395313
30.62595188,822.9483946
30.62595188,280.0544501
31.36840868,235.4081604
31.36840868,176.59842
31.36840868,137.327164
30.99495725,60.09753921
32.90775617,480.0732862
32.51597829,460.3651924
32.90775617,249.9359584
32.90775617,121.8265633
32.51597829,88.1663691
32.51597829,43.49282848
33.70553015,375.5587637
33.70553015,281.7365557
33.3042545,164.3531903
33.3042545,99.38421555
33.3042545,91.39181312
33.70553015,69.38634951
33.70553015,47.01398344
34.11164068,123.2944248
35.35956762,463.1303079
35.35956762,413.3228995
34.9386001,325.282389
35.35956762,201.4664426
35.35956762,137.327164
35.35956762,46.45426619
35.35956762,37.67040612
36.2167802,280.0544501
35.78560728,152.9570376
36.2167802,106.151312
35.78560728,52.05222993
35.78560728,48.44295919
37.09477396,137.327164
37.09477396,46.73328687
37.99405269,329.201645
37.99405269,228.4640646
37.54172075,147.558804
37.99405269,102.4049686
38.9151324,765.8856411
38.9151324,482.9567754
38.9151324,242.5633199
38.9151324,164.3531903
38.45183469,86.07956512
38.9151324,45.08395313
39.38401228,337.1823929
39.38401228,227.1000219
40.82482161,497.6360998
40.82482161,249.9359584
40.82482161,138.9817889
40.33878841,118.9430584
40.82482161,58.32477538
41.81452689,738.8556351
41.81452689,420.8154111
41.81452689,196.6979466
41.81452689,110.0347101
41.81452689,69.38634951
41.81452689,43.49282848
42.31834094,438.8303907
42.31834094,142.3510874
42.31834094,57.97654782
43.8664986,463.1303079
43.34425321,285.1311376
43.8664986,245.4859121
43.8664986,197.8793837
43.34425321,183.0590277
43.8664986,172.4185237
43.34425321,158.5527582
43.8664986,113.3791817
43.34425321,89.22866631
44.92994245,337.1823929
44.92994245,262.2011101
44.92994245,205.1185258
44.92994245,189.7559877
44.92994245,147.558804
44.3950364,132.4805474
44.3950364,123.2944248
44.92994245,99.38421555
45.47129345,244.0202406
46.01916708,212.6225019
45.47129345,176.59842
46.57364191,537.9244389
47.1347975,503.6320079
47.1347975,444.1177617
46.57364191,403.5399871
47.1347975,288.56662
46.57364191,227.1000219
46.57364191,196.6979466
47.1347975,180.8796485
46.57364191,158.5527582
48.27747384,643.7881269
48.27747384,360.1412274
48.27747384,302.7275011
48.27747384,262.2011101
48.27747384,234.0026581
48.27747384,219.0850982
48.27747384,147.558804
48.27747384,137.327164
48.27747384,114.7452626
48.27747384,77.28354799
48.85915852,500.6250774
48.85915852,176.59842
50.04363809,900.2921141
50.04363809,837.8663929
50.04363809,667.3402204
50.04363809,349.5177418
50.6466029,140.6563499
51.25683269,868.5185699
51.25683269,423.3429766
51.87441501,293.7976119
51.25683269,281.7365557
51.87441501,268.5575818
51.87441501,259.0795179
51.25683269,238.2445416
51.87441501,196.6979466
51.87441501,168.337561
51.87441501,127.8049799
51.87441501,110.6956173
51.87441501,46.73328687
53.13199264,438.8303907
52.49943844,306.3749982
53.13199264,249.9359584
52.49943844,229.8363002
53.77216835,1027.068359
53.77216835,717.0607902
53.77216835,584.9670399
53.77216835,500.6250774
54.42005739,329.201645
54.42005739,281.7365557
54.42005739,174.4959566
53.77216835,168.337561
53.77216835,110.6956173
55.73934836,889.5738344
55.07575271,366.6696881
55.73934836,345.3566158
55.73934836,212.6225019
55.73934836,196.6979466
55.73934836,132.4805474
55.73934836,97.0318971
55.07575271,93.60740051
55.73934836,83.04160352
55.73934836,77.28354799
57.09062254,384.6633349
57.09062254,281.7365557
56.41093952,176.59842
58.47465531,675.3808561
57.77849491,599.1482401
57.77849491,571.1214935
58.47465531,351.6170684
58.47465531,239.6755222
58.47465531,215.1843437
59.89224081,534.7127658
59.89224081,446.7852893
59.89224081,418.3029364
59.89224081,384.6633349
59.17920358,227.1000219
59.89224081,197.8793837
59.17920358,189.7559877
59.89224081,164.3531903
59.17920358,142.3510874
59.89224081,133.2762722
59.17920358,123.2944248
59.89224081,106.151312
59.89224081,101.7935606
59.89224081,48.44295919
59.17920358,41.95785857
60.61386926,691.7539344
60.61386926,578.002811
60.61386926,349.5177418
62.08331516,827.8913124
62.83134339,734.444304
62.83134339,465.9120315
62.83134339,436.2103577
62.83134339,310.0664433
62.08331516,299.1234286
62.83134339,201.4664426
62.08331516,137.327164
62.08331516,37.67040612
64.35454692,1137.133986
64.35454692,691.7539344
64.35454692,592.0151792
64.35454692,554.2744888
63.58838444,252.9473818
64.35454692,211.3530411
64.35454692,189.7559877
64.35454692,158.5527582
64.35454692,123.2944248
64.35454692,46.73328687
65.91467707,463.1303079
65.12994072,433.6059676
65.12994072,129.3448741
66.70886853,955.8520484
67.51262903,789.1645025
66.70886853,717.0607902
67.51262903,592.0151792
66.70886853,571.1214935
66.70886853,537.9244389
67.51262903,477.2070129
66.70886853,349.5177418
67.51262903,304.545789
66.70886853,262.2011101
66.70886853,227.1000219
67.51262903,172.4185237
67.51262903,137.327164
66.70886853,118.9430584
69.14931973,621.0672453
69.14931973,403.5399871
69.14931973,375.5587637
69.14931973,325.282389
69.14931973,280.0544501
68.32607387,164.3531903
69.14931973,103.0200489
69.14931973,89.22866631
69.14931973,83.04160352
68.32607387,74.55601968
69.98248469,302.7275011
69.98248469,170.3658233
70.82568828,137.327164
72.54269658,636.1236132
72.54269658,494.6649679
72.54269658,441.4661605
72.54269658,398.7357081
72.54269658,380.0837888
72.54269658,333.1681233
71.67905144,265.3603137
72.54269658,227.1000219
74.30132986,578.002811
74.30132986,463.1303079
73.4167476,362.3043624
73.4167476,313.8023657
73.4167476,292.0434959
74.30132986,252.9473818
74.30132986,196.6979466
74.30132986,176.59842
74.30132986,152.9570376
74.30132986,121.8265633
73.4167476,48.44295919
76.10259722,438.8303907
76.10259722,380.0837888
76.10259722,345.3566158
77.94753223,747.7579443
77.0195407,708.5239409
77.0195407,621.0672453
77.94753223,477.2070129
77.0195407,265.3603137
77.0195407,103.0200489
79.8371935,853.0548173
79.8371935,500.6250774
80.15656119,397.1470259
78.88670492,380.0837888
78.88670492,288.56662
79.8371935,276.7203079
79.8371935,251.4371617
79.8371935,239.6755222
79.8371935,211.3530411
79.8371935,183.0590277
79.8371935,118.9430584
79.8371935,51.74145255
79.8371935,49.61734895
81.77266533,775.113629
82.75792621,717.0607902
82.75792621,628.5503482
83.75505829,329.201645
82.75792621,285.1311376
83.75505829,201.4664426
82.75792621,194.3561915
85.78550987,659.3953111
85.78550987,578.002811
85.78550987,522.0566846
85.78550987,431.017127
85.78550987,384.6633349
85.78550987,244.0202406
84.76420459,164.3531903
85.78550987,131.6895735
85.78550987,110.6956173
85.78550987,103.0200489
85.78550987,86.07956512
85.78550987,69.38634951
85.78550987,60.09753921
84.76420459,48.44295919
86.81912063,337.1823929
86.81912063,203.8938675
88.92385346,1698.478582
88.92385346,438.8303907
89.99527744,380.0837888
89.99527744,246.9603869
89.99527744,149.3367076
88.92385346,127.8049799
89.99527744,118.9430584
89.99527744,94.73525552
92.17700899,518.9397498
92.54573886,397.1470259
92.54573886,342.6100904
92.17700899,270.1706332
92.17700899,211.3530411
92.17700899,170.3658233
92.17700899,103.0200489
92.17700899,69.38634951
93.28762953,252.9473818
94.41163168,149.3367076
93.28762953,114.7452626
93.28762953,92.492973
95.54917669,779.7692343
95.54917669,717.0607902
96.70042774,541.1554025
95.54917669,438.8303907
95.54917669,262.2011101
96.70042774,180.8796485
96.70042774,169.3486556
96.70042774,53.31411829
95.54917669,43.49282848
99.04471046,1020.936257
99.04471046,643.7881269
97.86554995,454.8843904
97.86554995,341.2450294
99.04471046,302.7275011
99.04471046,99.38421555
99.04471046,62.29612411
99.04471046,48.73392465
101.445825,541.1554025
101.445825,468.7104632
100.2380784,353.7290043
101.445825,329.201645
100.2380784,174.4959566
100.2380784,168.337561
101.445825,50.82020913
102.6681235,1039.44328
103.9051491,878.9831594
103.9051491,286.8437356
102.6681235,208.8368122
102.6681235,77.28354799
106.424094,687.6238236
106.424094,659.3953111
106.424094,613.6732314
106.424094,449.468839
106.424094,403.5399871
106.424094,262.2011101
106.424094,187.4968789
106.424094,180.8796485
106.424094,158.5527582
106.424094,114.7452626
106.424094,89.22866631
106.424094,43.49282848
109.004105,837.8663929
107.7063745,292.0434959
109.004105,212.6225019
110.3174715,1984.626886
111.6466625,730.0593108
110.3174715,544.4057723
110.3174715,353.7290043
111.6466625,241.1150978
110.3174715,172.4185237
110.3174715,77.28354799
110.3174715,66.93753294
110.3174715,53.95648839
114.3532828,955.8520484
114.3532828,691.7539344
114.3532828,418.3029364
112.9918686,341.2450294
114.3532828,281.7365557
114.3532828,196.6979466
114.3532828,181.9660754
117.125519,725.7004981
117.125519,244.0202406
118.5367386,584.9670399
119.9649618,518.9397498
119.9649618,465.9120315
118.5367386,353.7290043
120.44485,327.8900073
118.5367386,262.2011101
122.8732404,916.6121608
122.8732404,878.9831594
122.8732404,537.9244389
121.4103932,494.6649679
122.8732404,371.0876106
122.8732404,310.0664433
122.8732404,245.4859121
123.3647625,216.4768166
122.8732404,205.1185258
122.8732404,189.7559877
122.8732404,170.3658233
122.8732404,132.4805474
125.8520237,471.5257033
124.3537131,337.1823929
127.3683871,779.7692343
127.3683871,380.0837888
127.3683871,227.1000219
132.0279824,1058.28579
130.456145,700.0887256
132.0279824,639.9443956
132.0279824,578.002811
132.0279824,537.9244389
132.0279824,500.6250774
132.0279824,203.8938675
132.0279824,170.3658233
132.0279824,118.9430584
135.2287016,721.3677097
136.8580425,1289.516254
136.8580425,770.4858199
136.8580425,621.0672453
138.507015,544.4057723
138.507015,503.6320079
136.8580425,408.4021517
138.507015,306.3749982
138.507015,262.2011101
136.8580425,213.8995875
136.8580425,170.3658233
136.8580425,127.8049799
141.8648037,1027.068359
141.8648037,916.6121608
141.8648037,667.3402204
141.8648037,449.468839
141.8648037,349.5177418
141.8648037,55.93041149
141.8648037,50.21517749
141.8648037,37.67040612
145.3039944,564.3221005
145.3039944,503.6320079
143.5741016,313.8023657
148.8265604,894.916928
148.8265604,770.4858199
148.8265604,675.3808561
148.8265604,592.0151792
147.0547303,380.0837888
147.0547303,246.9603869
147.0547303,213.8995875
152.4345231,1020.936257
152.4345231,531.520268
152.4345231,433.6059676
152.4345231,398.7357081
152.4345231,60.09753921
152.4345231,48.44295919
156.1299527,884.2626416
154.2711732,789.1645025
154.2711732,761.3129276
156.1299527,679.4374313
158.0111282,967.3688998
159.9149696,725.7004981
159.9149696,468.7104632
158.0111282,408.4021517
159.9149696,333.1681233
158.0111282,285.1311376
158.0111282,211.3530411
158.0111282,147.558804
158.0111282,66.93753294
163.7917456,1137.133986
163.7917456,1090.452065
161.8417499,933.2280492
163.7917456,827.8913124
163.7917456,683.5183717
163.7917456,349.5177418
168.4335951,725.7004981
165.7652364,465.9120315
169.7838389,1039.44328
169.7838389,967.3688998
171.8295271,878.9831594
169.7838389,675.3808561
171.8295271,621.0672453
171.8295271,518.9397498
169.7838389,494.6649679
169.7838389,325.282389
169.7838389,302.7275011
171.8295271,263.7759822
169.7838389,137.327164
169.7838389,43.49282848
173.8998633,1002.758746
175.9951445,822.9483946
175.9951445,721.3677097
175.9951445,560.9528204
175.9951445,534.7127658
175.9951445,449.468839
175.9951445,418.3029364
175.9951445,196.6979466
175.9951445,106.7888941
175.9951445,37.67040612
180.261748,581.4744993
178.1156714,262.2011101
182.4336822,1200.101962
184.6317855,847.9616611
182.4336822,818.0349885
182.4336822,725.7004981
182.4336822,691.7539344
182.4336822,659.3953111
184.6317855,544.4057723
184.6317855,506.656999
182.4336822,349.5177418
182.4336822,306.3749982
182.4336822,246.9603869
189.1077648,933.2280492
186.8563734,789.1645025
189.1077648,756.7675155
189.1077648,639.9443956
189.1077648,599.1482401
186.8563734,584.9670399
189.1077648,403.5399871
189.1077648,373.3164935
189.1077648,290.2998527
189.1077648,201.4664426
189.1077648,194.3561915
189.1077648,152.043809
189.1077648,110.6956173
193.692254,808.2960075
191.3862827,550.9651979
191.3862827,525.1923408
196.0260094,1229.195715
196.0260094,1171.696828
196.0260094,1027.068359
198.3878837,752.2492418
196.0260094,691.7539344
198.3878837,659.3953111
198.3878837,624.7975939
198.3878837,584.9670399
196.0260094,482.9567754
198.3878837,454.8843904
196.0260094,329.201645
198.3878837,285.1311376
196.0260094,244.0202406
196.0260094,185.2646657
196.0260094,147.558804
196.0260094,89.22866631
203.1973484,1619.027746
203.1973484,1090.452065
203.1973484,955.8520484
200.7782157,847.9616611
200.7782157,818.0349885
203.1973484,534.7127658
203.1973484,403.5399871
203.1973484,357.9910074
203.1973484,196.6979466
203.1973484,132.4805474
205.6456286,1214.561727
205.6456286,1171.696828
205.6456286,789.1645025
205.6456286,752.2492418
208.1234076,691.7539344
208.1234076,659.3953111
205.6456286,606.3672456
205.6456286,477.2070129
205.6456286,454.8843904
208.1234076,285.1311376
210.6310408,1289.516254
213.168888,973.1792579
213.168888,868.5185699
210.6310408,818.0349885
210.6310408,544.4057723
210.6310408,380.0837888
210.6310408,170.3658233
218.3366846,1436.282382
218.3366846,1097.001704
218.3366846,765.8856411
218.3366846,717.0607902
215.7373131,675.3808561
218.3366846,621.0672453
218.3366846,518.9397498
218.3366846,360.1412274
218.3366846,345.3566158
218.3366846,290.2998527
223.6297627,967.3688998
220.9673753,911.139536
220.9673753,878.9831594
220.9673753,278.3823875
226.3242286,1984.626886
226.3242286,1200.101962
229.0511595,1123.596024
229.0511595,770.4858199
229.0511595,725.7004981
226.3242286,544.4057723
226.3242286,465.9120315
226.3242286,229.8363002
231.8109466,967.3688998
234.6039858,927.6562194
234.6039858,822.9483946
231.8109466,667.3402204
234.6039858,525.1923408
234.6039858,313.8023657
234.6039858,292.0434959
234.6039858,244.0202406
234.6039858,106.7888941
240.2914277,1171.696828
237.4306777,789.1645025
237.4306777,761.3129276
240.2914277,721.3677097
237.4306777,691.7539344
237.4306777,550.9651979
240.2914277,503.6320079
243.1866464,1488.826776
243.1866464,1274.164131
243.1866464,1027.068359
246.1167488,659.3953111
249.0821555,550.9651979
252.0832917,531.520268
252.0832917,500.6250774
252.0832917,95.8766998
258.1944798,628.5503482
261.3054084,1200.101962
261.3054084,955.8520484
261.3054084,827.8913124
261.3054084,770.4858199
264.4538198,717.0607902
261.3054084,544.4057723
270.8649034,1515.815485
270.8649034,1143.964013
270.8649034,1058.28579
270.8649034,1002.758746
270.8649034,683.5183717
270.8649034,599.1482401
270.8649034,518.9397498
270.8649034,465.9120315
270.8649034,349.5177418
270.8649034,325.282389
270.8649034,143.2060981
280.7741192,1471.101793
284.1571049,1377.319743
280.7741192,1039.44328
280.7741192,967.3688998
280.7741192,837.8663929
280.7741192,770.4858199
280.7741192,628.5503482
280.7741192,353.7290043
280.7741192,281.7365557
280.7741192,244.0202406
280.7741192,147.558804
280.7741192,103.0200489
292.2101023,922.1176561
291.04585,687.6238236
291.04585,655.4583972
291.04585,595.5710308
291.04585,571.1214935
291.04585,465.9120315
291.04585,52.05222993
294.5525975,1369.096468
305.3283947,1116.887604
305.3283947,1039.44328
305.3283947,967.3688998
301.6933577,900.2921141
301.6933577,779.7692343
305.3283947,717.0607902
301.6933577,537.9244389
305.3283947,438.8303907
312.7303897,500.6250774
312.7303897,227.1000219
312.7303897,158.5527582
312.7303897,142.3510874
316.4984095,1143.964013
316.4984095,1064.642227
320.3118293,967.3688998
320.3118293,756.7675155
316.4984095,717.0607902
320.3118293,683.5183717
320.3118293,438.8303907
324.1711961,1200.101962
324.1711961,900.2921141
324.1711961,798.6729722
324.1711961,196.6979466
336.0305486,1320.777654
336.0305486,1071.036843
336.0305486,827.8913124
336.0305486,595.5710308
336.0305486,560.9528204
336.0305486,477.2070129
336.0305486,271.7933731
336.0305486,235.4081604
336.0305486,55.93041149
352.5206354,1192.936764
352.5206354,1090.452065
348.323759,779.7692343
348.323759,725.7004981
352.5206354,671.3485006
348.323759,578.002811
348.323759,471.5257033
361.0666993,894.916928
361.0666993,227.1000219
361.0666993,55.93041149
365.4171127,1185.814346
365.4171127,1051.967304
365.4171127,659.3953111
374.2758225,1289.516254
374.2758225,955.8520484
378.7853896,900.2921141
378.7853896,775.113629
374.2758225,717.0607902
374.2758225,578.002811
387.968183,984.904881
387.968183,858.1785649
387.968183,389.2980589
392.6427264,933.2280492
397.3735924,775.113629
407.0070146,1835.986454
402.1614595,1289.516254
416.8739773,1137.133986
416.8739773,770.4858199
416.8739773,691.7539344
416.8739773,599.1482401
421.8968003,1803.297182
432.1247321,837.8663929
447.9334146,889.5738344
464.3204357,1471.101793
481.3069532,643.7881269
481.3069532,362.3043624
504.9262148,1289.516254
504.9262148,1110.219237
498.9148988,725.7004981
498.9148988,537.9244389
498.9148988,465.9120315
498.9148988,433.6059676
498.9148988,229.8363002
498.9148988,196.6979466
523.3982383,1320.777654
523.3982383,1090.452065
536.0868425,1200.101962
542.5460351,761.3129276
542.5460351,721.3677097
536.0868425,544.4057723
555.6988342,621.0672453
555.6988342,518.9397498
555.6988342,418.3029364
555.6988342,315.6871732
555.6988342,262.2011101
569.1704931,725.7004981
576.0283033,900.2921141
576.0283033,578.002811
576.0283033,325.282389
597.1014978,1506.765322
597.1014978,853.0548173
597.1014978,667.3402204
597.1014978,69.38634951
618.9456258,770.4858199
641.5888909,621.0672453
641.5888909,482.9567754
665.0605284,1599.752677
665.0605284,1289.516254
665.0605284,1039.44328
665.0605284,900.2921141
665.0605284,837.8663929
665.0605284,349.5177418
689.390843,721.3677097
689.390843,413.3228995
714.6112484,1103.590682
714.6112484,889.5738344
723.2214424,761.3129276
723.2214424,712.7795851
714.6112484,584.9670399
714.6112484,408.4021517
723.2214424,212.6225019
740.7543073,362.3043624
749.6794932,734.444304
749.6794932,708.5239409
749.6794932,211.3530411
767.8537736,827.8913124
767.8537736,537.9244389
767.8537736,471.5257033
767.8537736,306.3749982
767.8537736,103.0200489
795.9446362,1266.556745
795.9446362,916.6121608
795.9446362,449.468839
795.9446362,71.92475262
825.063164,889.5738344
835.0041688,779.7692343
825.063164,717.0607902
825.063164,211.3530411
855.2469526,1274.164131
855.2469526,581.4744993
855.2469526,302.7275011
855.2469526,271.7933731
855.2469526,46.73328687
865.5516352,808.2960075
886.5349731,1027.068359
897.2166383,581.4744993
886.5349731,403.5399871
886.5349731,246.9603869
918.9676224,1410.709739
918.9676224,1137.133986
918.9676224,717.0607902
930.0400614,571.1214935
930.0400614,525.1923408
952.586775,1200.101962
952.586775,621.0672453
964.0642838,547.675665
952.586775,433.6059676
987.4358376,827.8913124
987.4358376,482.9567754
987.4358376,252.9473818
999.3332351,557.6036565
1099.820721,544.4057723
1140.056133,1185.814346
1140.056133,691.7539344
1140.056133,53.95648839
1224.996676,1312.891962
1210.412679,779.7692343
1224.996676,747.7579443
1224.996676,503.6320079
1269.811476,967.3688998
1269.811476,900.2921141
1269.811476,500.6250774
1269.811476,438.8303907
1316.265763,1103.590682
1316.265763,599.1482401
1364.419516,779.7692343
1466.076382,1103.590682
1466.076382,500.6250774
1519.710748,1688.337831
1519.710748,738.8556351
1632.937678,1515.815485
1632.937678,984.904881
1692.676432,827.8913124
1797.136962,911.139536
1885.328184,515.8414246
1885.328184,433.6059676
2025.795653,1027.068359
2025.795653,639.9443956
2025.795653,500.6250774
2074.906477,683.5183717
2050.20402,114.7452626
2765.879314,550.9651979
3117.795921,325.282389
3350.089113,114.7452626
5952.861237,1097.001704
7.795566394,2944.083703
105.4746634,45.13549815
96.38018313,60.35340185
130.1734506,64.73808434
50.75908497,99.60004571
77.31474405,166.0230839
77.31474405,219.7864101
62.02073344,235.7539213
57.82009596,252.8814743
62.02073344,217.5953848
58.40230174,204.9003715
97.35066058,312.0982143
120.1470666,140.0228234
469.3213838,144.2953372
469.3213838,92.85417765
350.9836032,74.48623509
302.0087273,64.09271787
262.484289,113.4552407
159.0543424,648.5233948
67.19642112,642.0583403
146.8034578,202.8577434
112.0095577,255.4278045
212.681172,417.3253806
221.3775962,569.3254837
212.681172,920.9076821
200.2728651,381.3417868
120.1470666,174.5517692
